"","pval","pAdj"
"1",0.83563292039375,0.83563292039375
