"","fch","pval","pAdj"
"CAR_mid_chain",Inf,0.350647889704459,0.350647889704459
"CAR_long_chain",14.0418594630428,9.06547640997754e-06,1.81309528199551e-05
