"","fch","pval","pAdj"
"CAR_mid_chain",Inf,0.350647889704459,0.350647889704459
"CAR_long_chain",0.505128695212769,0.030997913917811,0.0619958278356219
