col_name,corr,corr_pval,FDR_rejected,FDR_pval
Heart.Weight..Body.Weight-X377.146_2.225,0.2385395278899037,0.2042849256681211,False,0.47666482655894926
Liver.Weight..Body.Weight-X377.146_2.225,-0.4975874727726932,0.005144839141789956,True,0.03601387399252969
Ejection.Fraction-X377.146_2.225,-0.3935145381485749,0.03144148693274158,False,0.11004520426459555
PR.Interval..s.-X377.146_2.225,-0.06777288254333926,0.7219575880243877,False,0.7219575880243877
QTc..s.-X377.146_2.225,-0.0939203882590254,0.6215476569509719,False,0.7219575880243877
P.Amplitude..V.-X377.146_2.225,0.10818677634900396,0.5693161082863444,False,0.7219575880243877
CD3.CD8.IFNg.-X377.146_2.225,0.11797485014113566,0.534670535240134,False,0.7219575880243877
