"","fch","pval","pAdj"
"CAR_mid_chain",0.735384615384616,1,1
"CAR_long_chain",2.0262211459131,0.00230645771025736,0.00461291542051472
